/epoc32/data/C/resource/qt/plugins/controlpanel/eapsecurity/cpeapsimakaui.qtplugin	export	
/epoc32/data/C/resource/qt/plugins/controlpanel/eapsecurity/cpeapuserpasswordui.qtplugin	export	
/epoc32/data/C/resource/qt/plugins/controlpanel/wlansecurity/cp802dot1xui.qtplugin	export	
/epoc32/data/C/resource/qt/plugins/controlpanel/wlansecurity/cpwepui.qtplugin	export	
/epoc32/data/C/resource/qt/plugins/controlpanel/wlansecurity/cpwpa2ui.qtplugin	export	
/epoc32/data/C/resource/qt/plugins/controlpanel/wlansecurity/cpwpaui.qtplugin	export	
/epoc32/data/c/resource/qt/plugins/controlpanel/eapsecurity/cpeaptlsmethodsui.qtplugin	export	
/epoc32/data/z/private/100012a5/policy/102072e9.spd	export	
/epoc32/data/z/private/101F8EC5/backup_registration_eapol.xml	export	
/epoc32/data/z/private/101F8EC5/eap.conf	export	
/epoc32/data/z/private/20026FCB/backup_registration.xml	export	
/epoc32/data/z/private/20026FCB/eap.conf	export	
/epoc32/data/z/resource/plugins/eapaka.rsc	resource	armv5_urel
/epoc32/data/z/resource/plugins/eapaka.rsc	resource	winscw_udeb
/epoc32/data/z/resource/plugins/eapcoreinterfaceimplementation.rsc	resource	armv5_urel
/epoc32/data/z/resource/plugins/eapcoreinterfaceimplementation.rsc	resource	winscw_udeb
/epoc32/data/z/resource/plugins/eapgeneralsettings.rsc	resource	armv5_urel
/epoc32/data/z/resource/plugins/eapgeneralsettings.rsc	resource	winscw_udeb
/epoc32/data/z/resource/plugins/eapgeneric.rsc	resource	armv5_urel
/epoc32/data/z/resource/plugins/eapgeneric.rsc	resource	winscw_udeb
/epoc32/data/z/resource/plugins/eapmschapv2.rsc	resource	armv5_urel
/epoc32/data/z/resource/plugins/eapmschapv2.rsc	resource	winscw_udeb
/epoc32/data/z/resource/plugins/eapprotectedsetup.rsc	resource	armv5_urel
/epoc32/data/z/resource/plugins/eapprotectedsetup.rsc	resource	winscw_udeb
/epoc32/data/z/resource/plugins/eapsecurid.rsc	resource	armv5_urel
/epoc32/data/z/resource/plugins/eapsecurid.rsc	resource	winscw_udeb
/epoc32/data/z/resource/plugins/eapsim.rsc	resource	armv5_urel
/epoc32/data/z/resource/plugins/eapsim.rsc	resource	winscw_udeb
/epoc32/data/z/resource/plugins/eaptlspeap.rsc	resource	armv5_urel
/epoc32/data/z/resource/plugins/eaptlspeap.rsc	resource	winscw_udeb
/epoc32/data/z/resource/plugins/eapvpnif.rsc	resource	armv5_urel
/epoc32/data/z/resource/plugins/eapvpnif.rsc	resource	winscw_udeb
/epoc32/data/z/resource/plugins/wlaneapolif.rsc	resource	armv5_urel
/epoc32/data/z/resource/plugins/wlaneapolif.rsc	resource	winscw_udeb
/epoc32/include/platform/mw/AbsPacStoreInitializer.h	export	
/epoc32/include/platform/mw/EapExpandedType.h	export	
/epoc32/include/platform/mw/EapGeneralSettings.h	export	
/epoc32/include/platform/mw/EapGeneralSettings.inl	export	
/epoc32/include/platform/mw/EapSettings.h	export	
/epoc32/include/platform/mw/EapTraceSymbian.h	export	
/epoc32/include/platform/mw/EapType.h	export	
/epoc32/include/platform/mw/EapType.inl	export	
/epoc32/include/platform/mw/EapTypeDefinitions.h	export	
/epoc32/include/platform/mw/EapTypeInfo.h	export	
/epoc32/include/platform/mw/abs_eap_vpn_if.h	export	
/epoc32/include/platform/mw/eap_vpn_if.h	export	
/epoc32/include/platform/mw/eap_vpn_if.inl	export	
/epoc32/include/platform/mw/eap_vpn_if_uids.h	export	
/epoc32/include/platform/mw/eapqtcertificateinfo.h	export	
/epoc32/include/platform/mw/eapqtconfig.h	export	
/epoc32/include/platform/mw/eapqtconfigexport.h	export	
/epoc32/include/platform/mw/eapqtconfiginterface.h	export	
/epoc32/include/platform/mw/eapqtexpandedeaptype.h	export	
/epoc32/include/platform/mw/eapqtpacstoreconfig.h	export	
/epoc32/include/platform/mw/eapqtpluginhandle.h	export	
/epoc32/include/platform/mw/eapqtplugininfo.h	export	
/epoc32/include/platform/mw/eapqtvalidator.h	export	
/epoc32/release/armv5/lib/EapAuthServer.dso	build	armv5_udeb
/epoc32/release/armv5/lib/EapAuthServer.dso	build	armv5_urel
/epoc32/release/armv5/lib/EapAuthServer{000a0000}.dso	build	armv5_udeb
/epoc32/release/armv5/lib/EapAuthServer{000a0000}.dso	build	armv5_urel
/epoc32/release/armv5/lib/EapCoreInterfaceImplementation.dso	build	armv5_udeb
/epoc32/release/armv5/lib/EapCoreInterfaceImplementation.dso	build	armv5_urel
/epoc32/release/armv5/lib/EapCoreInterfaceImplementation{000a0000}.dso	build	armv5_udeb
/epoc32/release/armv5/lib/EapCoreInterfaceImplementation{000a0000}.dso	build	armv5_urel
/epoc32/release/armv5/lib/cp802dot1xui.dso	build	armv5_udeb
/epoc32/release/armv5/lib/cp802dot1xui.dso	build	armv5_urel
/epoc32/release/armv5/lib/cp802dot1xui{000a0000}.dso	build	armv5_udeb
/epoc32/release/armv5/lib/cp802dot1xui{000a0000}.dso	build	armv5_urel
/epoc32/release/armv5/lib/cpeapciphersuiteui.dso	build	armv5_udeb
/epoc32/release/armv5/lib/cpeapciphersuiteui.dso	build	armv5_urel
/epoc32/release/armv5/lib/cpeapciphersuiteui{000a0000}.dso	build	armv5_udeb
/epoc32/release/armv5/lib/cpeapciphersuiteui{000a0000}.dso	build	armv5_urel
/epoc32/release/armv5/lib/cpeapsimakaui.dso	build	armv5_udeb
/epoc32/release/armv5/lib/cpeapsimakaui.dso	build	armv5_urel
/epoc32/release/armv5/lib/cpeapsimakaui{000a0000}.dso	build	armv5_udeb
/epoc32/release/armv5/lib/cpeapsimakaui{000a0000}.dso	build	armv5_urel
/epoc32/release/armv5/lib/cpeaptlsmethodsui.dso	build	armv5_udeb
/epoc32/release/armv5/lib/cpeaptlsmethodsui.dso	build	armv5_urel
/epoc32/release/armv5/lib/cpeaptlsmethodsui{000a0000}.dso	build	armv5_udeb
/epoc32/release/armv5/lib/cpeaptlsmethodsui{000a0000}.dso	build	armv5_urel
/epoc32/release/armv5/lib/cpeapuserpasswordui.dso	build	armv5_udeb
/epoc32/release/armv5/lib/cpeapuserpasswordui.dso	build	armv5_urel
/epoc32/release/armv5/lib/cpeapuserpasswordui{000a0000}.dso	build	armv5_udeb
/epoc32/release/armv5/lib/cpeapuserpasswordui{000a0000}.dso	build	armv5_urel
/epoc32/release/armv5/lib/cpwepui.dso	build	armv5_udeb
/epoc32/release/armv5/lib/cpwepui.dso	build	armv5_urel
/epoc32/release/armv5/lib/cpwepui{000a0000}.dso	build	armv5_udeb
/epoc32/release/armv5/lib/cpwepui{000a0000}.dso	build	armv5_urel
/epoc32/release/armv5/lib/cpwpa2ui.dso	build	armv5_udeb
/epoc32/release/armv5/lib/cpwpa2ui.dso	build	armv5_urel
/epoc32/release/armv5/lib/cpwpa2ui{000a0000}.dso	build	armv5_udeb
/epoc32/release/armv5/lib/cpwpa2ui{000a0000}.dso	build	armv5_urel
/epoc32/release/armv5/lib/cpwpacmnui.dso	build	armv5_udeb
/epoc32/release/armv5/lib/cpwpacmnui.dso	build	armv5_urel
/epoc32/release/armv5/lib/cpwpacmnui{000a0000}.dso	build	armv5_udeb
/epoc32/release/armv5/lib/cpwpacmnui{000a0000}.dso	build	armv5_urel
/epoc32/release/armv5/lib/cpwpaui.dso	build	armv5_udeb
/epoc32/release/armv5/lib/cpwpaui.dso	build	armv5_urel
/epoc32/release/armv5/lib/cpwpaui{000a0000}.dso	build	armv5_udeb
/epoc32/release/armv5/lib/cpwpaui{000a0000}.dso	build	armv5_urel
/epoc32/release/armv5/lib/eap_notifier.dso	build	armv5_udeb
/epoc32/release/armv5/lib/eap_notifier.dso	build	armv5_urel
/epoc32/release/armv5/lib/eap_notifier{000a0000}.dso	build	armv5_udeb
/epoc32/release/armv5/lib/eap_notifier{000a0000}.dso	build	armv5_urel
/epoc32/release/armv5/lib/eapaka.dso	build	armv5_udeb
/epoc32/release/armv5/lib/eapaka.dso	build	armv5_urel
/epoc32/release/armv5/lib/eapaka{000a0000}.dso	build	armv5_udeb
/epoc32/release/armv5/lib/eapaka{000a0000}.dso	build	armv5_urel
/epoc32/release/armv5/lib/eapclientif.dso	build	armv5_udeb
/epoc32/release/armv5/lib/eapclientif.dso	build	armv5_urel
/epoc32/release/armv5/lib/eapclientif{000a0000}.dso	build	armv5_udeb
/epoc32/release/armv5/lib/eapclientif{000a0000}.dso	build	armv5_urel
/epoc32/release/armv5/lib/eapcoreinterface.dso	build	armv5_udeb
/epoc32/release/armv5/lib/eapcoreinterface.dso	build	armv5_urel
/epoc32/release/armv5/lib/eapcoreinterface{000a0000}.dso	build	armv5_udeb
/epoc32/release/armv5/lib/eapcoreinterface{000a0000}.dso	build	armv5_urel
/epoc32/release/armv5/lib/eapdialogplugin.dso	build	armv5_udeb
/epoc32/release/armv5/lib/eapdialogplugin.dso	build	armv5_urel
/epoc32/release/armv5/lib/eapdialogplugin{000a0000}.dso	build	armv5_udeb
/epoc32/release/armv5/lib/eapdialogplugin{000a0000}.dso	build	armv5_urel
/epoc32/release/armv5/lib/eapgeneralsettings.dso	build	armv5_udeb
/epoc32/release/armv5/lib/eapgeneralsettings.dso	build	armv5_urel
/epoc32/release/armv5/lib/eapgeneralsettings{000a0000}.dso	build	armv5_udeb
/epoc32/release/armv5/lib/eapgeneralsettings{000a0000}.dso	build	armv5_urel
/epoc32/release/armv5/lib/eapgeneric.dso	build	armv5_udeb
/epoc32/release/armv5/lib/eapgeneric.dso	build	armv5_urel
/epoc32/release/armv5/lib/eapgeneric{000a0000}.dso	build	armv5_udeb
/epoc32/release/armv5/lib/eapgeneric{000a0000}.dso	build	armv5_urel
/epoc32/release/armv5/lib/eapmschapv2.dso	build	armv5_udeb
/epoc32/release/armv5/lib/eapmschapv2.dso	build	armv5_urel
/epoc32/release/armv5/lib/eapmschapv2{000a0000}.dso	build	armv5_udeb
/epoc32/release/armv5/lib/eapmschapv2{000a0000}.dso	build	armv5_urel
/epoc32/release/armv5/lib/eapol.dso	build	armv5_udeb
/epoc32/release/armv5/lib/eapol.dso	build	armv5_urel
/epoc32/release/armv5/lib/eapol{000a0000}.dso	build	armv5_udeb
/epoc32/release/armv5/lib/eapol{000a0000}.dso	build	armv5_urel
/epoc32/release/armv5/lib/eapprotectedsetup.dso	build	armv5_udeb
/epoc32/release/armv5/lib/eapprotectedsetup.dso	build	armv5_urel
/epoc32/release/armv5/lib/eapprotectedsetup{000a0000}.dso	build	armv5_udeb
/epoc32/release/armv5/lib/eapprotectedsetup{000a0000}.dso	build	armv5_urel
/epoc32/release/armv5/lib/eapqtconfiginterface.dso	build	armv5_udeb
/epoc32/release/armv5/lib/eapqtconfiginterface.dso	build	armv5_urel
/epoc32/release/armv5/lib/eapqtconfiginterface{000a0000}.dso	build	armv5_udeb
/epoc32/release/armv5/lib/eapqtconfiginterface{000a0000}.dso	build	armv5_urel
/epoc32/release/armv5/lib/eapqtplugininfo.dso	build	armv5_udeb
/epoc32/release/armv5/lib/eapqtplugininfo.dso	build	armv5_urel
/epoc32/release/armv5/lib/eapqtplugininfo{000a0000}.dso	build	armv5_udeb
/epoc32/release/armv5/lib/eapqtplugininfo{000a0000}.dso	build	armv5_urel
/epoc32/release/armv5/lib/eapsecurid.dso	build	armv5_udeb
/epoc32/release/armv5/lib/eapsecurid.dso	build	armv5_urel
/epoc32/release/armv5/lib/eapsecurid{000a0000}.dso	build	armv5_udeb
/epoc32/release/armv5/lib/eapsecurid{000a0000}.dso	build	armv5_urel
/epoc32/release/armv5/lib/eapsim.dso	build	armv5_udeb
/epoc32/release/armv5/lib/eapsim.dso	build	armv5_urel
/epoc32/release/armv5/lib/eapsim{000a0000}.dso	build	armv5_udeb
/epoc32/release/armv5/lib/eapsim{000a0000}.dso	build	armv5_urel
/epoc32/release/armv5/lib/eapsymbiantools.dso	build	armv5_udeb
/epoc32/release/armv5/lib/eapsymbiantools.dso	build	armv5_urel
/epoc32/release/armv5/lib/eapsymbiantools{000a0000}.dso	build	armv5_udeb
/epoc32/release/armv5/lib/eapsymbiantools{000a0000}.dso	build	armv5_urel
/epoc32/release/armv5/lib/eaptlspeap.dso	build	armv5_udeb
/epoc32/release/armv5/lib/eaptlspeap.dso	build	armv5_urel
/epoc32/release/armv5/lib/eaptlspeap{000a0000}.dso	build	armv5_udeb
/epoc32/release/armv5/lib/eaptlspeap{000a0000}.dso	build	armv5_urel
/epoc32/release/armv5/lib/eaptools.dso	build	armv5_udeb
/epoc32/release/armv5/lib/eaptools.dso	build	armv5_urel
/epoc32/release/armv5/lib/eaptools{000a0000}.dso	build	armv5_udeb
/epoc32/release/armv5/lib/eaptools{000a0000}.dso	build	armv5_urel
/epoc32/release/armv5/lib/eaptrace.dso	build	armv5_udeb
/epoc32/release/armv5/lib/eaptrace.dso	build	armv5_urel
/epoc32/release/armv5/lib/eaptrace{000a0000}.dso	build	armv5_udeb
/epoc32/release/armv5/lib/eaptrace{000a0000}.dso	build	armv5_urel
/epoc32/release/armv5/lib/eapvpnif.dso	build	armv5_udeb
/epoc32/release/armv5/lib/eapvpnif.dso	build	armv5_urel
/epoc32/release/armv5/lib/eapvpnif{000a0000}.dso	build	armv5_udeb
/epoc32/release/armv5/lib/eapvpnif{000a0000}.dso	build	armv5_urel
/epoc32/release/armv5/udeb/EapAuthServer.dll	build	armv5_udeb
/epoc32/release/armv5/udeb/EapAuthServer.dll.map	build	armv5_udeb
/epoc32/release/armv5/udeb/EapAuthServerExe.exe	build	armv5_udeb
/epoc32/release/armv5/udeb/EapAuthServerExe.exe.map	build	armv5_udeb
/epoc32/release/armv5/udeb/EapCoreInterfaceImplementation.dll	build	armv5_udeb
/epoc32/release/armv5/udeb/EapCoreInterfaceImplementation.dll.map	build	armv5_udeb
/epoc32/release/armv5/udeb/cp802dot1xui.dll	build	armv5_udeb
/epoc32/release/armv5/udeb/cp802dot1xui.dll.map	build	armv5_udeb
/epoc32/release/armv5/udeb/cpeapciphersuiteui.dll	build	armv5_udeb
/epoc32/release/armv5/udeb/cpeapciphersuiteui.dll.map	build	armv5_udeb
/epoc32/release/armv5/udeb/cpeapsimakaui.dll	build	armv5_udeb
/epoc32/release/armv5/udeb/cpeapsimakaui.dll.map	build	armv5_udeb
/epoc32/release/armv5/udeb/cpeaptlsmethodsui.dll	build	armv5_udeb
/epoc32/release/armv5/udeb/cpeaptlsmethodsui.dll.map	build	armv5_udeb
/epoc32/release/armv5/udeb/cpeapuserpasswordui.dll	build	armv5_udeb
/epoc32/release/armv5/udeb/cpeapuserpasswordui.dll.map	build	armv5_udeb
/epoc32/release/armv5/udeb/cpwepui.dll	build	armv5_udeb
/epoc32/release/armv5/udeb/cpwepui.dll.map	build	armv5_udeb
/epoc32/release/armv5/udeb/cpwpa2ui.dll	build	armv5_udeb
/epoc32/release/armv5/udeb/cpwpa2ui.dll.map	build	armv5_udeb
/epoc32/release/armv5/udeb/cpwpacmnui.dll	build	armv5_udeb
/epoc32/release/armv5/udeb/cpwpacmnui.dll.map	build	armv5_udeb
/epoc32/release/armv5/udeb/cpwpaui.dll	build	armv5_udeb
/epoc32/release/armv5/udeb/cpwpaui.dll.map	build	armv5_udeb
/epoc32/release/armv5/udeb/eap_notifier.dll	build	armv5_udeb
/epoc32/release/armv5/udeb/eap_notifier.dll.map	build	armv5_udeb
/epoc32/release/armv5/udeb/eapaka.dll	build	armv5_udeb
/epoc32/release/armv5/udeb/eapaka.dll.map	build	armv5_udeb
/epoc32/release/armv5/udeb/eapclientif.dll	build	armv5_udeb
/epoc32/release/armv5/udeb/eapclientif.dll.map	build	armv5_udeb
/epoc32/release/armv5/udeb/eapcoreinterface.dll	build	armv5_udeb
/epoc32/release/armv5/udeb/eapcoreinterface.dll.map	build	armv5_udeb
/epoc32/release/armv5/udeb/eapdialogplugin.dll	build	armv5_udeb
/epoc32/release/armv5/udeb/eapdialogplugin.dll.map	build	armv5_udeb
/epoc32/release/armv5/udeb/eapgeneralsettings.dll	build	armv5_udeb
/epoc32/release/armv5/udeb/eapgeneralsettings.dll.map	build	armv5_udeb
/epoc32/release/armv5/udeb/eapgeneric.dll	build	armv5_udeb
/epoc32/release/armv5/udeb/eapgeneric.dll.map	build	armv5_udeb
/epoc32/release/armv5/udeb/eapmschapv2.dll	build	armv5_udeb
/epoc32/release/armv5/udeb/eapmschapv2.dll.map	build	armv5_udeb
/epoc32/release/armv5/udeb/eapol.dll	build	armv5_udeb
/epoc32/release/armv5/udeb/eapol.dll.map	build	armv5_udeb
/epoc32/release/armv5/udeb/eapolwpxstub.lib	build	armv5_udeb
/epoc32/release/armv5/udeb/eapprotectedsetup.dll	build	armv5_udeb
/epoc32/release/armv5/udeb/eapprotectedsetup.dll.map	build	armv5_udeb
/epoc32/release/armv5/udeb/eapqtconfiginterface.dll	build	armv5_udeb
/epoc32/release/armv5/udeb/eapqtconfiginterface.dll.map	build	armv5_udeb
/epoc32/release/armv5/udeb/eapqtplugininfo.dll	build	armv5_udeb
/epoc32/release/armv5/udeb/eapqtplugininfo.dll.map	build	armv5_udeb
/epoc32/release/armv5/udeb/eapsecurid.dll	build	armv5_udeb
/epoc32/release/armv5/udeb/eapsecurid.dll.map	build	armv5_udeb
/epoc32/release/armv5/udeb/eapsim.dll	build	armv5_udeb
/epoc32/release/armv5/udeb/eapsim.dll.map	build	armv5_udeb
/epoc32/release/armv5/udeb/eapsymbiantools.dll	build	armv5_udeb
/epoc32/release/armv5/udeb/eapsymbiantools.dll.map	build	armv5_udeb
/epoc32/release/armv5/udeb/eaptlspeap.dll	build	armv5_udeb
/epoc32/release/armv5/udeb/eaptlspeap.dll.map	build	armv5_udeb
/epoc32/release/armv5/udeb/eaptools.dll	build	armv5_udeb
/epoc32/release/armv5/udeb/eaptools.dll.map	build	armv5_udeb
/epoc32/release/armv5/udeb/eaptrace.dll	build	armv5_udeb
/epoc32/release/armv5/udeb/eaptrace.dll.map	build	armv5_udeb
/epoc32/release/armv5/udeb/eapvpnif.dll	build	armv5_udeb
/epoc32/release/armv5/udeb/eapvpnif.dll.map	build	armv5_udeb
/epoc32/release/armv5/udeb/wlaneapolif.dll	build	armv5_udeb
/epoc32/release/armv5/udeb/wlaneapolif.dll.map	build	armv5_udeb
/epoc32/release/armv5/urel/EapAuthServer.dll	build	armv5_urel
/epoc32/release/armv5/urel/EapAuthServer.dll.map	build	armv5_urel
/epoc32/release/armv5/urel/EapAuthServerExe.exe	build	armv5_urel
/epoc32/release/armv5/urel/EapAuthServerExe.exe.map	build	armv5_urel
/epoc32/release/armv5/urel/EapCoreInterfaceImplementation.dll	build	armv5_urel
/epoc32/release/armv5/urel/EapCoreInterfaceImplementation.dll.map	build	armv5_urel
/epoc32/release/armv5/urel/cp802dot1xui.dll	build	armv5_urel
/epoc32/release/armv5/urel/cp802dot1xui.dll.map	build	armv5_urel
/epoc32/release/armv5/urel/cpeapciphersuiteui.dll	build	armv5_urel
/epoc32/release/armv5/urel/cpeapciphersuiteui.dll.map	build	armv5_urel
/epoc32/release/armv5/urel/cpeapsimakaui.dll	build	armv5_urel
/epoc32/release/armv5/urel/cpeapsimakaui.dll.map	build	armv5_urel
/epoc32/release/armv5/urel/cpeaptlsmethodsui.dll	build	armv5_urel
/epoc32/release/armv5/urel/cpeaptlsmethodsui.dll.map	build	armv5_urel
/epoc32/release/armv5/urel/cpeapuserpasswordui.dll	build	armv5_urel
/epoc32/release/armv5/urel/cpeapuserpasswordui.dll.map	build	armv5_urel
/epoc32/release/armv5/urel/cpwepui.dll	build	armv5_urel
/epoc32/release/armv5/urel/cpwepui.dll.map	build	armv5_urel
/epoc32/release/armv5/urel/cpwpa2ui.dll	build	armv5_urel
/epoc32/release/armv5/urel/cpwpa2ui.dll.map	build	armv5_urel
/epoc32/release/armv5/urel/cpwpacmnui.dll	build	armv5_urel
/epoc32/release/armv5/urel/cpwpacmnui.dll.map	build	armv5_urel
/epoc32/release/armv5/urel/cpwpaui.dll	build	armv5_urel
/epoc32/release/armv5/urel/cpwpaui.dll.map	build	armv5_urel
/epoc32/release/armv5/urel/eap_notifier.dll	build	armv5_urel
/epoc32/release/armv5/urel/eap_notifier.dll.map	build	armv5_urel
/epoc32/release/armv5/urel/eapaka.dll	build	armv5_urel
/epoc32/release/armv5/urel/eapaka.dll.map	build	armv5_urel
/epoc32/release/armv5/urel/eapclientif.dll	build	armv5_urel
/epoc32/release/armv5/urel/eapclientif.dll.map	build	armv5_urel
/epoc32/release/armv5/urel/eapcoreinterface.dll	build	armv5_urel
/epoc32/release/armv5/urel/eapcoreinterface.dll.map	build	armv5_urel
/epoc32/release/armv5/urel/eapdialogplugin.dll	build	armv5_urel
/epoc32/release/armv5/urel/eapdialogplugin.dll.map	build	armv5_urel
/epoc32/release/armv5/urel/eapgeneralsettings.dll	build	armv5_urel
/epoc32/release/armv5/urel/eapgeneralsettings.dll.map	build	armv5_urel
/epoc32/release/armv5/urel/eapgeneric.dll	build	armv5_urel
/epoc32/release/armv5/urel/eapgeneric.dll.map	build	armv5_urel
/epoc32/release/armv5/urel/eapmschapv2.dll	build	armv5_urel
/epoc32/release/armv5/urel/eapmschapv2.dll.map	build	armv5_urel
/epoc32/release/armv5/urel/eapol.dll	build	armv5_urel
/epoc32/release/armv5/urel/eapol.dll.map	build	armv5_urel
/epoc32/release/armv5/urel/eapolwpxstub.lib	build	armv5_urel
/epoc32/release/armv5/urel/eapprotectedsetup.dll	build	armv5_urel
/epoc32/release/armv5/urel/eapprotectedsetup.dll.map	build	armv5_urel
/epoc32/release/armv5/urel/eapqtconfiginterface.dll	build	armv5_urel
/epoc32/release/armv5/urel/eapqtconfiginterface.dll.map	build	armv5_urel
/epoc32/release/armv5/urel/eapqtplugininfo.dll	build	armv5_urel
/epoc32/release/armv5/urel/eapqtplugininfo.dll.map	build	armv5_urel
/epoc32/release/armv5/urel/eapsecurid.dll	build	armv5_urel
/epoc32/release/armv5/urel/eapsecurid.dll.map	build	armv5_urel
/epoc32/release/armv5/urel/eapsim.dll	build	armv5_urel
/epoc32/release/armv5/urel/eapsim.dll.map	build	armv5_urel
/epoc32/release/armv5/urel/eapsymbiantools.dll	build	armv5_urel
/epoc32/release/armv5/urel/eapsymbiantools.dll.map	build	armv5_urel
/epoc32/release/armv5/urel/eaptlspeap.dll	build	armv5_urel
/epoc32/release/armv5/urel/eaptlspeap.dll.map	build	armv5_urel
/epoc32/release/armv5/urel/eaptools.dll	build	armv5_urel
/epoc32/release/armv5/urel/eaptools.dll.map	build	armv5_urel
/epoc32/release/armv5/urel/eaptrace.dll	build	armv5_urel
/epoc32/release/armv5/urel/eaptrace.dll.map	build	armv5_urel
/epoc32/release/armv5/urel/eapvpnif.dll	build	armv5_urel
/epoc32/release/armv5/urel/eapvpnif.dll.map	build	armv5_urel
/epoc32/release/armv5/urel/wlaneapolif.dll	build	armv5_urel
/epoc32/release/armv5/urel/wlaneapolif.dll.map	build	armv5_urel
/epoc32/release/winscw/udeb/EapAuthServer.dll	build	winscw_udeb
/epoc32/release/winscw/udeb/EapAuthServer.lib	build	winscw_udeb
/epoc32/release/winscw/udeb/EapAuthServerExe.exe	build	winscw_udeb
/epoc32/release/winscw/udeb/EapCoreInterfaceImplementation.dll	build	winscw_udeb
/epoc32/release/winscw/udeb/EapCoreInterfaceImplementation.lib	build	winscw_udeb
/epoc32/release/winscw/udeb/cp802dot1xui.dll	build	winscw_udeb
/epoc32/release/winscw/udeb/cp802dot1xui.lib	build	winscw_udeb
/epoc32/release/winscw/udeb/cpeapciphersuiteui.dll	build	winscw_udeb
/epoc32/release/winscw/udeb/cpeapciphersuiteui.lib	build	winscw_udeb
/epoc32/release/winscw/udeb/cpeapsimakaui.dll	build	winscw_udeb
/epoc32/release/winscw/udeb/cpeapsimakaui.lib	build	winscw_udeb
/epoc32/release/winscw/udeb/cpeaptlsmethodsui.dll	build	winscw_udeb
/epoc32/release/winscw/udeb/cpeaptlsmethodsui.lib	build	winscw_udeb
/epoc32/release/winscw/udeb/cpeapuserpasswordui.dll	build	winscw_udeb
/epoc32/release/winscw/udeb/cpeapuserpasswordui.lib	build	winscw_udeb
/epoc32/release/winscw/udeb/cpwepui.dll	build	winscw_udeb
/epoc32/release/winscw/udeb/cpwepui.lib	build	winscw_udeb
/epoc32/release/winscw/udeb/cpwpa2ui.dll	build	winscw_udeb
/epoc32/release/winscw/udeb/cpwpa2ui.lib	build	winscw_udeb
/epoc32/release/winscw/udeb/cpwpacmnui.dll	build	winscw_udeb
/epoc32/release/winscw/udeb/cpwpacmnui.lib	build	winscw_udeb
/epoc32/release/winscw/udeb/cpwpaui.dll	build	winscw_udeb
/epoc32/release/winscw/udeb/cpwpaui.lib	build	winscw_udeb
/epoc32/release/winscw/udeb/eap_notifier.dll	build	winscw_udeb
/epoc32/release/winscw/udeb/eap_notifier.lib	build	winscw_udeb
/epoc32/release/winscw/udeb/eapaka.dll	build	winscw_udeb
/epoc32/release/winscw/udeb/eapaka.lib	build	winscw_udeb
/epoc32/release/winscw/udeb/eapclientif.dll	build	winscw_udeb
/epoc32/release/winscw/udeb/eapclientif.lib	build	winscw_udeb
/epoc32/release/winscw/udeb/eapcoreinterface.dll	build	winscw_udeb
/epoc32/release/winscw/udeb/eapcoreinterface.lib	build	winscw_udeb
/epoc32/release/winscw/udeb/eapdialogplugin.dll	build	winscw_udeb
/epoc32/release/winscw/udeb/eapdialogplugin.lib	build	winscw_udeb
/epoc32/release/winscw/udeb/eapgeneralsettings.dll	build	winscw_udeb
/epoc32/release/winscw/udeb/eapgeneralsettings.lib	build	winscw_udeb
/epoc32/release/winscw/udeb/eapgeneric.dll	build	winscw_udeb
/epoc32/release/winscw/udeb/eapgeneric.lib	build	winscw_udeb
/epoc32/release/winscw/udeb/eapmschapv2.dll	build	winscw_udeb
/epoc32/release/winscw/udeb/eapmschapv2.lib	build	winscw_udeb
/epoc32/release/winscw/udeb/eapol.dll	build	winscw_udeb
/epoc32/release/winscw/udeb/eapol.lib	build	winscw_udeb
/epoc32/release/winscw/udeb/eapolwpxstub.lib	build	winscw_udeb
/epoc32/release/winscw/udeb/eapprotectedsetup.dll	build	winscw_udeb
/epoc32/release/winscw/udeb/eapprotectedsetup.lib	build	winscw_udeb
/epoc32/release/winscw/udeb/eapqtconfiginterface.dll	build	winscw_udeb
/epoc32/release/winscw/udeb/eapqtconfiginterface.lib	build	winscw_udeb
/epoc32/release/winscw/udeb/eapqtplugininfo.dll	build	winscw_udeb
/epoc32/release/winscw/udeb/eapqtplugininfo.lib	build	winscw_udeb
/epoc32/release/winscw/udeb/eapsecurid.dll	build	winscw_udeb
/epoc32/release/winscw/udeb/eapsecurid.lib	build	winscw_udeb
/epoc32/release/winscw/udeb/eapsim.dll	build	winscw_udeb
/epoc32/release/winscw/udeb/eapsim.lib	build	winscw_udeb
/epoc32/release/winscw/udeb/eapsymbiantools.dll	build	winscw_udeb
/epoc32/release/winscw/udeb/eapsymbiantools.lib	build	winscw_udeb
/epoc32/release/winscw/udeb/eaptlspeap.dll	build	winscw_udeb
/epoc32/release/winscw/udeb/eaptlspeap.lib	build	winscw_udeb
/epoc32/release/winscw/udeb/eaptools.dll	build	winscw_udeb
/epoc32/release/winscw/udeb/eaptools.lib	build	winscw_udeb
/epoc32/release/winscw/udeb/eaptrace.dll	build	winscw_udeb
/epoc32/release/winscw/udeb/eaptrace.lib	build	winscw_udeb
/epoc32/release/winscw/udeb/eapvpnif.dll	build	winscw_udeb
/epoc32/release/winscw/udeb/eapvpnif.lib	build	winscw_udeb
/epoc32/release/winscw/udeb/wlaneapolif.dll	build	winscw_udeb
/epoc32/release/winscw/udeb/z/private/100012a5/policy/102072e9.spd	export	
/epoc32/release/winscw/udeb/z/private/101F8EC5/backup_registration_eapol.xml	export	
/epoc32/release/winscw/udeb/z/private/101F8EC5/eap.conf	export	
/epoc32/release/winscw/udeb/z/private/20026FCB/backup_registration.xml	export	
/epoc32/release/winscw/udeb/z/private/20026FCB/eap.conf	export	
/epoc32/release/winscw/udeb/z/resource/plugins/eapaka.rsc	resource	winscw_udeb
/epoc32/release/winscw/udeb/z/resource/plugins/eapcoreinterfaceimplementation.rsc	resource	winscw_udeb
/epoc32/release/winscw/udeb/z/resource/plugins/eapgeneralsettings.rsc	resource	winscw_udeb
/epoc32/release/winscw/udeb/z/resource/plugins/eapgeneric.rsc	resource	winscw_udeb
/epoc32/release/winscw/udeb/z/resource/plugins/eapmschapv2.rsc	resource	winscw_udeb
/epoc32/release/winscw/udeb/z/resource/plugins/eapprotectedsetup.rsc	resource	winscw_udeb
/epoc32/release/winscw/udeb/z/resource/plugins/eapsecurid.rsc	resource	winscw_udeb
/epoc32/release/winscw/udeb/z/resource/plugins/eapsim.rsc	resource	winscw_udeb
/epoc32/release/winscw/udeb/z/resource/plugins/eaptlspeap.rsc	resource	winscw_udeb
/epoc32/release/winscw/udeb/z/resource/plugins/eapvpnif.rsc	resource	winscw_udeb
/epoc32/release/winscw/udeb/z/resource/plugins/wlaneapolif.rsc	resource	winscw_udeb
/epoc32/release/winscw/urel/EapAuthServer.dll	build	winscw_urel
/epoc32/release/winscw/urel/EapAuthServer.dll.map	build	winscw_urel
/epoc32/release/winscw/urel/EapAuthServerExe.exe	build	winscw_urel
/epoc32/release/winscw/urel/EapAuthServerExe.exe.map	build	winscw_urel
/epoc32/release/winscw/urel/EapCoreInterfaceImplementation.dll	build	winscw_urel
/epoc32/release/winscw/urel/EapCoreInterfaceImplementation.dll.map	build	winscw_urel
/epoc32/release/winscw/urel/cp802dot1xui.dll	build	winscw_urel
/epoc32/release/winscw/urel/cp802dot1xui.dll.map	build	winscw_urel
/epoc32/release/winscw/urel/cpeapciphersuiteui.dll	build	winscw_urel
/epoc32/release/winscw/urel/cpeapciphersuiteui.dll.map	build	winscw_urel
/epoc32/release/winscw/urel/cpeapsimakaui.dll	build	winscw_urel
/epoc32/release/winscw/urel/cpeapsimakaui.dll.map	build	winscw_urel
/epoc32/release/winscw/urel/cpeaptlsmethodsui.dll	build	winscw_urel
/epoc32/release/winscw/urel/cpeaptlsmethodsui.dll.map	build	winscw_urel
/epoc32/release/winscw/urel/cpeapuserpasswordui.dll	build	winscw_urel
/epoc32/release/winscw/urel/cpeapuserpasswordui.dll.map	build	winscw_urel
/epoc32/release/winscw/urel/cpwepui.dll	build	winscw_urel
/epoc32/release/winscw/urel/cpwepui.dll.map	build	winscw_urel
/epoc32/release/winscw/urel/cpwpa2ui.dll	build	winscw_urel
/epoc32/release/winscw/urel/cpwpa2ui.dll.map	build	winscw_urel
/epoc32/release/winscw/urel/cpwpacmnui.dll	build	winscw_urel
/epoc32/release/winscw/urel/cpwpacmnui.dll.map	build	winscw_urel
/epoc32/release/winscw/urel/cpwpaui.dll	build	winscw_urel
/epoc32/release/winscw/urel/cpwpaui.dll.map	build	winscw_urel
/epoc32/release/winscw/urel/eap_notifier.dll	build	winscw_urel
/epoc32/release/winscw/urel/eap_notifier.dll.map	build	winscw_urel
/epoc32/release/winscw/urel/eapaka.dll	build	winscw_urel
/epoc32/release/winscw/urel/eapaka.dll.map	build	winscw_urel
/epoc32/release/winscw/urel/eapclientif.dll	build	winscw_urel
/epoc32/release/winscw/urel/eapclientif.dll.map	build	winscw_urel
/epoc32/release/winscw/urel/eapcoreinterface.dll	build	winscw_urel
/epoc32/release/winscw/urel/eapcoreinterface.dll.map	build	winscw_urel
/epoc32/release/winscw/urel/eapdialogplugin.dll	build	winscw_urel
/epoc32/release/winscw/urel/eapdialogplugin.dll.map	build	winscw_urel
/epoc32/release/winscw/urel/eapgeneralsettings.dll	build	winscw_urel
/epoc32/release/winscw/urel/eapgeneralsettings.dll.map	build	winscw_urel
/epoc32/release/winscw/urel/eapgeneric.dll	build	winscw_urel
/epoc32/release/winscw/urel/eapgeneric.dll.map	build	winscw_urel
/epoc32/release/winscw/urel/eapmschapv2.dll	build	winscw_urel
/epoc32/release/winscw/urel/eapmschapv2.dll.map	build	winscw_urel
/epoc32/release/winscw/urel/eapol.dll	build	winscw_urel
/epoc32/release/winscw/urel/eapol.dll.map	build	winscw_urel
/epoc32/release/winscw/urel/eapolwpxstub.lib	build	winscw_urel
/epoc32/release/winscw/urel/eapprotectedsetup.dll	build	winscw_urel
/epoc32/release/winscw/urel/eapprotectedsetup.dll.map	build	winscw_urel
/epoc32/release/winscw/urel/eapqtconfiginterface.dll	build	winscw_urel
/epoc32/release/winscw/urel/eapqtconfiginterface.dll.map	build	winscw_urel
/epoc32/release/winscw/urel/eapqtplugininfo.dll	build	winscw_urel
/epoc32/release/winscw/urel/eapqtplugininfo.dll.map	build	winscw_urel
/epoc32/release/winscw/urel/eapsecurid.dll	build	winscw_urel
/epoc32/release/winscw/urel/eapsecurid.dll.map	build	winscw_urel
/epoc32/release/winscw/urel/eapsim.dll	build	winscw_urel
/epoc32/release/winscw/urel/eapsim.dll.map	build	winscw_urel
/epoc32/release/winscw/urel/eapsymbiantools.dll	build	winscw_urel
/epoc32/release/winscw/urel/eapsymbiantools.dll.map	build	winscw_urel
/epoc32/release/winscw/urel/eaptlspeap.dll	build	winscw_urel
/epoc32/release/winscw/urel/eaptlspeap.dll.map	build	winscw_urel
/epoc32/release/winscw/urel/eaptools.dll	build	winscw_urel
/epoc32/release/winscw/urel/eaptools.dll.map	build	winscw_urel
/epoc32/release/winscw/urel/eaptrace.dll	build	winscw_urel
/epoc32/release/winscw/urel/eaptrace.dll.map	build	winscw_urel
/epoc32/release/winscw/urel/eapvpnif.dll	build	winscw_urel
/epoc32/release/winscw/urel/eapvpnif.dll.map	build	winscw_urel
/epoc32/release/winscw/urel/wlaneapolif.dll	build	winscw_urel
/epoc32/release/winscw/urel/wlaneapolif.dll.map	build	winscw_urel
/epoc32/release/winscw/urel/z/private/100012a5/policy/102072e9.spd	export	
/epoc32/release/winscw/urel/z/private/101F8EC5/backup_registration_eapol.xml	export	
/epoc32/release/winscw/urel/z/private/101F8EC5/eap.conf	export	
/epoc32/release/winscw/urel/z/private/20026FCB/backup_registration.xml	export	
/epoc32/release/winscw/urel/z/private/20026FCB/eap.conf	export	
/epoc32/release/winscw/urel/z/resource/plugins/eapaka.rsc	resource	winscw_udeb
/epoc32/release/winscw/urel/z/resource/plugins/eapcoreinterfaceimplementation.rsc	resource	winscw_udeb
/epoc32/release/winscw/urel/z/resource/plugins/eapgeneralsettings.rsc	resource	winscw_udeb
/epoc32/release/winscw/urel/z/resource/plugins/eapgeneric.rsc	resource	winscw_udeb
/epoc32/release/winscw/urel/z/resource/plugins/eapmschapv2.rsc	resource	winscw_udeb
/epoc32/release/winscw/urel/z/resource/plugins/eapprotectedsetup.rsc	resource	winscw_udeb
/epoc32/release/winscw/urel/z/resource/plugins/eapsecurid.rsc	resource	winscw_udeb
/epoc32/release/winscw/urel/z/resource/plugins/eapsim.rsc	resource	winscw_udeb
/epoc32/release/winscw/urel/z/resource/plugins/eaptlspeap.rsc	resource	winscw_udeb
/epoc32/release/winscw/urel/z/resource/plugins/eapvpnif.rsc	resource	winscw_udeb
/epoc32/release/winscw/urel/z/resource/plugins/wlaneapolif.rsc	resource	winscw_udeb
/epoc32/rom/include/core/app/eapdialogplugin.iby	export	
/epoc32/rom/include/core/mw/cp802dot1xui.iby	export	
/epoc32/rom/include/core/mw/cpeapciphersuiteui.iby	export	
/epoc32/rom/include/core/mw/cpeapsimakaui.iby	export	
/epoc32/rom/include/core/mw/cpeaptlsmethodsui.iby	export	
/epoc32/rom/include/core/mw/cpeapuserpasswordui.iby	export	
/epoc32/rom/include/core/mw/cpwepui.iby	export	
/epoc32/rom/include/core/mw/cpwpa2ui.iby	export	
/epoc32/rom/include/core/mw/cpwpacmnui.iby	export	
/epoc32/rom/include/core/mw/cpwpaui.iby	export	
/epoc32/rom/include/core/mw/eapol.iby	export	
/epoc32/rom/include/core/mw/eapqtconfiginterface.iby	export	
/epoc32/rom/include/core/mw/eapqtplugininfo.iby	export	
/epoc32/rom/include/language/app/cpwlansecurityuiplugins_resources.iby	export	
/epoc32/rom/include/language/app/eapdialogplugin_resources.iby	export	
/epoc32/rom/include/language/app/eapqtconfiginterface_resources.iby	export	
/epoc32/winscw/C/resource/qt/plugins/controlpanel/eapsecurity/cpeapsimakaui.qtplugin	export	
/epoc32/winscw/C/resource/qt/plugins/controlpanel/eapsecurity/cpeapuserpasswordui.qtplugin	export	
/epoc32/winscw/C/resource/qt/plugins/controlpanel/wlansecurity/cp802dot1xui.qtplugin	export	
/epoc32/winscw/C/resource/qt/plugins/controlpanel/wlansecurity/cpwepui.qtplugin	export	
/epoc32/winscw/C/resource/qt/plugins/controlpanel/wlansecurity/cpwpa2ui.qtplugin	export	
/epoc32/winscw/C/resource/qt/plugins/controlpanel/wlansecurity/cpwpaui.qtplugin	export	
/epoc32/winscw/c/resource/qt/plugins/controlpanel/eapsecurity/cpeaptlsmethodsui.qtplugin	export	
/sf/mw/accesssec/securitysettings/cpeapuiplugins/inc/cpeapciphersuiteui.h	export	
