/epoc32/include/platform/assp/naviengine/direct/naviengine.h	export	
/epoc32/include/platform/assp/naviengine/direct/naviengine.inc	build	armv5_udeb
/epoc32/include/platform/assp/naviengine/direct/naviengine.inc	build	armv5_urel
/epoc32/include/platform/assp/naviengine/direct/naviengine.inc	build	armv5smp_udeb
/epoc32/include/platform/assp/naviengine/direct/naviengine.inc	build	armv5smp_urel
/epoc32/include/platform/assp/naviengine/flexible/naviengine.h	export	
/epoc32/include/platform/assp/naviengine/flexible/naviengine.inc	build	armv5_udeb
/epoc32/include/platform/assp/naviengine/flexible/naviengine.inc	build	armv5_urel
/epoc32/include/platform/assp/naviengine/flexible/naviengine.inc	build	armv5smp_udeb
/epoc32/include/platform/assp/naviengine/flexible/naviengine.inc	build	armv5smp_urel
/epoc32/include/platform/assp/naviengine/hcrconfig_assp.h	export	
/epoc32/include/platform/assp/naviengine/hcrconfig_csi.h	export	
/epoc32/include/platform/assp/naviengine/multiple/naviengine.h	export	
/epoc32/include/platform/assp/naviengine/multiple/naviengine.inc	build	armv5_udeb
/epoc32/include/platform/assp/naviengine/multiple/naviengine.inc	build	armv5_urel
/epoc32/include/platform/assp/naviengine/naviengine.h	export	
/epoc32/include/platform/assp/naviengine/naviengine_lcd.h	export	
/epoc32/include/platform/assp/naviengine/naviengine_priv.h	export	
/epoc32/include/platform/assp/naviengine/navienginedma.h	export	
/epoc32/include/platform/assp/naviengine/nkern/highrestimer.h	export	
/epoc32/include/platform/assp/naviengine/nkern/staticextension.h	export	
/epoc32/include/platform/assp/naviengine/nkern/variant_timestamp.h	export	
/epoc32/include/platform/assp/naviengine/pci.h	export	
/epoc32/include/platform/assp/naviengine/staticextension.h	export	
/epoc32/include/platform/assp/naviengine/upd35001_timer.h	export	
/epoc32/include/platform/assp/naviengine/watchdog.h	export	
/epoc32/include/platform/ne1_tb/hcrconfig.h	export	
/epoc32/include/platform/ne1_tb/hcrconfig_mha.h	export	
/epoc32/include/platform/ne1_tb/iolines.h	export	
/epoc32/include/platform/ne1_tb/mconf.h	export	
/epoc32/include/platform/ne1_tb/nand_fbr_offset.h	export	
/epoc32/include/platform/ne1_tb/variant_nand_plat.h	export	
/epoc32/include/platform/ne1_tb/variantmediadef.h	export	
/epoc32/release/ARMV5SMP/_fne1_tb_bootrom.bin	build	armv5smp_udeb
/epoc32/release/ARMV5SMP/_fne1_tb_bootrom.bin	build	armv5smp_urel
/epoc32/release/ARMV5SMP/_ne1_tb_bootloader_bootrom.bin	build	armv5smp_udeb
/epoc32/release/ARMV5SMP/_ne1_tb_bootloader_bootrom.bin	build	armv5smp_urel
/epoc32/release/ARMV5SMP/_sne1_tb_bootrom.bin	build	armv5smp_udeb
/epoc32/release/ARMV5SMP/_sne1_tb_bootrom.bin	build	armv5smp_urel
/epoc32/release/armv5/_fne1_tb_bootrom.bin	build	armv5_udeb
/epoc32/release/armv5/_fne1_tb_bootrom.bin	build	armv5_urel
/epoc32/release/armv5/_ne1_tb_bootloader_bootrom.bin	build	armv5_udeb
/epoc32/release/armv5/_ne1_tb_bootloader_bootrom.bin	build	armv5_urel
/epoc32/release/armv5/_ne1_tb_bootrom.bin	build	armv5_udeb
/epoc32/release/armv5/_ne1_tb_bootrom.bin	build	armv5_urel
/epoc32/release/armv5/_sne1_tb_bootrom.bin	build	armv5_udeb
/epoc32/release/armv5/_sne1_tb_bootrom.bin	build	armv5_urel
/epoc32/release/armv5/lib/_ne1_tb_csi_ctrless.dso	build	armv5_udeb
/epoc32/release/armv5/lib/_ne1_tb_csi_ctrless.dso	build	armv5_urel
/epoc32/release/armv5/lib/_ne1_tb_csi_ctrless{000a0000}.dso	build	armv5_udeb
/epoc32/release/armv5/lib/_ne1_tb_csi_ctrless{000a0000}.dso	build	armv5_urel
/epoc32/release/armv5/lib/_ne1_tb_ecust.dso	build	armv5_udeb
/epoc32/release/armv5/lib/_ne1_tb_ecust.dso	build	armv5_urel
/epoc32/release/armv5/lib/_ne1_tb_ecust{000a0000}.dso	build	armv5_udeb
/epoc32/release/armv5/lib/_ne1_tb_ecust{000a0000}.dso	build	armv5_urel
/epoc32/release/armv5/lib/_ne1_tb_ekdata.dso	build	armv5_udeb
/epoc32/release/armv5/lib/_ne1_tb_ekdata.dso	build	armv5_urel
/epoc32/release/armv5/lib/_ne1_tb_ekdata{000a0000}.dso	build	armv5_udeb
/epoc32/release/armv5/lib/_ne1_tb_ekdata{000a0000}.dso	build	armv5_urel
/epoc32/release/armv5/lib/_ne1_tb_gpio.dso	build	armv5_udeb
/epoc32/release/armv5/lib/_ne1_tb_gpio.dso	build	armv5_urel
/epoc32/release/armv5/lib/_ne1_tb_gpio{000a0000}.dso	build	armv5_udeb
/epoc32/release/armv5/lib/_ne1_tb_gpio{000a0000}.dso	build	armv5_urel
/epoc32/release/armv5/lib/_ne1_tb_i2s.dso	build	armv5_udeb
/epoc32/release/armv5/lib/_ne1_tb_i2s.dso	build	armv5_urel
/epoc32/release/armv5/lib/_ne1_tb_i2s{000a0000}.dso	build	armv5_udeb
/epoc32/release/armv5/lib/_ne1_tb_i2s{000a0000}.dso	build	armv5_urel
/epoc32/release/armv5/lib/_ne1_tb_kanaviengine.dso	build	armv5_udeb
/epoc32/release/armv5/lib/_ne1_tb_kanaviengine.dso	build	armv5_urel
/epoc32/release/armv5/lib/_ne1_tb_kanaviengine{000a0000}.dso	build	armv5_udeb
/epoc32/release/armv5/lib/_ne1_tb_kanaviengine{000a0000}.dso	build	armv5_urel
/epoc32/release/armv5/lib/_ne1_tb_lcdgce.dso	build	armv5_udeb
/epoc32/release/armv5/lib/_ne1_tb_lcdgce.dso	build	armv5_urel
/epoc32/release/armv5/lib/_ne1_tb_lcdgce.dso	build	armv5smp_udeb
/epoc32/release/armv5/lib/_ne1_tb_lcdgce.dso	build	armv5smp_urel
/epoc32/release/armv5/lib/_ne1_tb_lcdgce{000a0000}.dso	build	armv5_udeb
/epoc32/release/armv5/lib/_ne1_tb_lcdgce{000a0000}.dso	build	armv5_urel
/epoc32/release/armv5/lib/_ne1_tb_lcdgce{000a0000}.dso	build	armv5smp_udeb
/epoc32/release/armv5/lib/_ne1_tb_lcdgce{000a0000}.dso	build	armv5smp_urel
/epoc32/release/armv5/lib/_ne1_tb_pci.dso	build	armv5_udeb
/epoc32/release/armv5/lib/_ne1_tb_pci.dso	build	armv5_urel
/epoc32/release/armv5/lib/_ne1_tb_pci{000a0000}.dso	build	armv5_udeb
/epoc32/release/armv5/lib/_ne1_tb_pci{000a0000}.dso	build	armv5_urel
/epoc32/release/armv5/lib/_ne1_tb_power.dso	build	armv5_udeb
/epoc32/release/armv5/lib/_ne1_tb_power.dso	build	armv5_urel
/epoc32/release/armv5/lib/_ne1_tb_power{000a0000}.dso	build	armv5_udeb
/epoc32/release/armv5/lib/_ne1_tb_power{000a0000}.dso	build	armv5_urel
/epoc32/release/armv5/lib/_ne1_tb_ubootldrkeyb.dso	build	armv5_udeb
/epoc32/release/armv5/lib/_ne1_tb_ubootldrkeyb.dso	build	armv5_urel
/epoc32/release/armv5/lib/_ne1_tb_ubootldrkeyb{000a0000}.dso	build	armv5_udeb
/epoc32/release/armv5/lib/_ne1_tb_ubootldrkeyb{000a0000}.dso	build	armv5_urel
/epoc32/release/armv5/lib/_ne1_tb_vserialkeyb.dso	build	armv5_udeb
/epoc32/release/armv5/lib/_ne1_tb_vserialkeyb.dso	build	armv5_urel
/epoc32/release/armv5/lib/_ne1_tb_vserialkeyb{000a0000}.dso	build	armv5_udeb
/epoc32/release/armv5/lib/_ne1_tb_vserialkeyb{000a0000}.dso	build	armv5_urel
/epoc32/release/armv5/udeb/_fne1_tb_ekern.exe	build	armv5_udeb
/epoc32/release/armv5/udeb/_fne1_tb_ekern.exe.map	build	armv5_udeb
/epoc32/release/armv5/udeb/_fne1_tb_exmoncommon.dll	build	armv5_udeb
/epoc32/release/armv5/udeb/_fne1_tb_exmoncommon.dll.map	build	armv5_udeb
/epoc32/release/armv5/udeb/_fne1_tb_kc_exe.lib	build	armv5_udeb
/epoc32/release/armv5/udeb/_ne1_tb_bootldr.exe	build	armv5_udeb
/epoc32/release/armv5/udeb/_ne1_tb_bootldr.exe.map	build	armv5_udeb
/epoc32/release/armv5/udeb/_ne1_tb_btracex.ldd	build	armv5_udeb
/epoc32/release/armv5/udeb/_ne1_tb_btracex.ldd.map	build	armv5_udeb
/epoc32/release/armv5/udeb/_ne1_tb_csi.dll	build	armv5_udeb
/epoc32/release/armv5/udeb/_ne1_tb_csi.dll.map	build	armv5_udeb
/epoc32/release/armv5/udeb/_ne1_tb_csi_ctrless.dll	build	armv5_udeb
/epoc32/release/armv5/udeb/_ne1_tb_csi_ctrless.dll.map	build	armv5_udeb
/epoc32/release/armv5/udeb/_ne1_tb_dma.dll	build	armv5_udeb
/epoc32/release/armv5/udeb/_ne1_tb_dma.dll.map	build	armv5_udeb
/epoc32/release/armv5/udeb/_ne1_tb_dma_v2.dll	build	armv5_udeb
/epoc32/release/armv5/udeb/_ne1_tb_dma_v2.dll.map	build	armv5_udeb
/epoc32/release/armv5/udeb/_ne1_tb_e32strt.exe	build	armv5_udeb
/epoc32/release/armv5/udeb/_ne1_tb_e32strt.exe.map	build	armv5_udeb
/epoc32/release/armv5/udeb/_ne1_tb_ecust.dll	build	armv5_udeb
/epoc32/release/armv5/udeb/_ne1_tb_ecust.dll.map	build	armv5_udeb
/epoc32/release/armv5/udeb/_ne1_tb_ekdata.dll	build	armv5_udeb
/epoc32/release/armv5/udeb/_ne1_tb_ekdata.dll.map	build	armv5_udeb
/epoc32/release/armv5/udeb/_ne1_tb_ekern.exe	build	armv5_udeb
/epoc32/release/armv5/udeb/_ne1_tb_ekern.exe.map	build	armv5_udeb
/epoc32/release/armv5/udeb/_ne1_tb_ekeyb.dll	build	armv5_udeb
/epoc32/release/armv5/udeb/_ne1_tb_ekeyb.dll.map	build	armv5_udeb
/epoc32/release/armv5/udeb/_ne1_tb_ethernet.pdd	build	armv5_udeb
/epoc32/release/armv5/udeb/_ne1_tb_ethernet.pdd.map	build	armv5_udeb
/epoc32/release/armv5/udeb/_ne1_tb_euart.pdd	build	armv5_udeb
/epoc32/release/armv5/udeb/_ne1_tb_euart.pdd.map	build	armv5_udeb
/epoc32/release/armv5/udeb/_ne1_tb_exmoncommon.dll	build	armv5_udeb
/epoc32/release/armv5/udeb/_ne1_tb_exmoncommon.dll.map	build	armv5_udeb
/epoc32/release/armv5/udeb/_ne1_tb_exmondebug.dll	build	armv5_udeb
/epoc32/release/armv5/udeb/_ne1_tb_exmondebug.dll.map	build	armv5_udeb
/epoc32/release/armv5/udeb/_ne1_tb_exyin.dll	build	armv5_udeb
/epoc32/release/armv5/udeb/_ne1_tb_exyin.dll.map	build	armv5_udeb
/epoc32/release/armv5/udeb/_ne1_tb_gpio.dll	build	armv5_udeb
/epoc32/release/armv5/udeb/_ne1_tb_gpio.dll.map	build	armv5_udeb
/epoc32/release/armv5/udeb/_ne1_tb_hal.dll	build	armv5_udeb
/epoc32/release/armv5/udeb/_ne1_tb_hal.dll.map	build	armv5_udeb
/epoc32/release/armv5/udeb/_ne1_tb_hcr.dll	build	armv5_udeb
/epoc32/release/armv5/udeb/_ne1_tb_hcr.dll.map	build	armv5_udeb
/epoc32/release/armv5/udeb/_ne1_tb_i2s.dll	build	armv5_udeb
/epoc32/release/armv5/udeb/_ne1_tb_i2s.dll.map	build	armv5_udeb
/epoc32/release/armv5/udeb/_ne1_tb_int_ekeyb.dll	build	armv5_udeb
/epoc32/release/armv5/udeb/_ne1_tb_int_ekeyb.dll.map	build	armv5_udeb
/epoc32/release/armv5/udeb/_ne1_tb_kanaviengine.dll	build	armv5_udeb
/epoc32/release/armv5/udeb/_ne1_tb_kanaviengine.dll.map	build	armv5_udeb
/epoc32/release/armv5/udeb/_ne1_tb_kc_exe.lib	build	armv5_udeb
/epoc32/release/armv5/udeb/_ne1_tb_keypad.dll	build	armv5_udeb
/epoc32/release/armv5/udeb/_ne1_tb_keypad.dll.map	build	armv5_udeb
/epoc32/release/armv5/udeb/_ne1_tb_lcdgce.pdd	build	armv5_udeb
/epoc32/release/armv5/udeb/_ne1_tb_lcdgce.pdd.map	build	armv5_udeb
/epoc32/release/armv5/udeb/_ne1_tb_medint.pdd	build	armv5_udeb
/epoc32/release/armv5/udeb/_ne1_tb_medint.pdd.map	build	armv5_udeb
/epoc32/release/armv5/udeb/_ne1_tb_medlfs.pdd	build	armv5_udeb
/epoc32/release/armv5/udeb/_ne1_tb_medlfs.pdd.map	build	armv5_udeb
/epoc32/release/armv5/udeb/_ne1_tb_nk_exe.lib	build	armv5_udeb
/epoc32/release/armv5/udeb/_ne1_tb_nkern.lib	build	armv5_udeb
/epoc32/release/armv5/udeb/_ne1_tb_pci.dll	build	armv5_udeb
/epoc32/release/armv5/udeb/_ne1_tb_pci.dll.map	build	armv5_udeb
/epoc32/release/armv5/udeb/_ne1_tb_power.dll	build	armv5_udeb
/epoc32/release/armv5/udeb/_ne1_tb_power.dll.map	build	armv5_udeb
/epoc32/release/armv5/udeb/_ne1_tb_reboot.ldd	build	armv5_udeb
/epoc32/release/armv5/udeb/_ne1_tb_reboot.ldd.map	build	armv5_udeb
/epoc32/release/armv5/udeb/_ne1_tb_resmanpsl.pdd	build	armv5_udeb
/epoc32/release/armv5/udeb/_ne1_tb_resmanpsl.pdd.map	build	armv5_udeb
/epoc32/release/armv5/udeb/_ne1_tb_soundsc.pdd	build	armv5_udeb
/epoc32/release/armv5/udeb/_ne1_tb_soundsc.pdd.map	build	armv5_udeb
/epoc32/release/armv5/udeb/_ne1_tb_soundsc_v2.pdd	build	armv5_udeb
/epoc32/release/armv5/udeb/_ne1_tb_soundsc_v2.pdd.map	build	armv5_udeb
/epoc32/release/armv5/udeb/_ne1_tb_ubootldr.ldd	build	armv5_udeb
/epoc32/release/armv5/udeb/_ne1_tb_ubootldr.ldd.map	build	armv5_udeb
/epoc32/release/armv5/udeb/_ne1_tb_ubootldrkeyb.dll	build	armv5_udeb
/epoc32/release/armv5/udeb/_ne1_tb_ubootldrkeyb.dll.map	build	armv5_udeb
/epoc32/release/armv5/udeb/_ne1_tb_usbcc.dll	build	armv5_udeb
/epoc32/release/armv5/udeb/_ne1_tb_usbcc.dll.map	build	armv5_udeb
/epoc32/release/armv5/udeb/_ne1_tb_vserialkeyb.dll	build	armv5_udeb
/epoc32/release/armv5/udeb/_ne1_tb_vserialkeyb.dll.map	build	armv5_udeb
/epoc32/release/armv5/udeb/_ne1_tb_watchdog.dll	build	armv5_udeb
/epoc32/release/armv5/udeb/_ne1_tb_watchdog.dll.map	build	armv5_udeb
/epoc32/release/armv5/udeb/_sne1_tb_ekern.exe	build	armv5_udeb
/epoc32/release/armv5/udeb/_sne1_tb_ekern.exe.map	build	armv5_udeb
/epoc32/release/armv5/udeb/_sne1_tb_exmoncommon.dll	build	armv5_udeb
/epoc32/release/armv5/udeb/_sne1_tb_exmoncommon.dll.map	build	armv5_udeb
/epoc32/release/armv5/udeb/_sne1_tb_kc_exe.lib	build	armv5_udeb
/epoc32/release/armv5/urel/_fne1_tb_ekern.exe	build	armv5_urel
/epoc32/release/armv5/urel/_fne1_tb_ekern.exe.map	build	armv5_urel
/epoc32/release/armv5/urel/_fne1_tb_exmoncommon.dll	build	armv5_urel
/epoc32/release/armv5/urel/_fne1_tb_exmoncommon.dll.map	build	armv5_urel
/epoc32/release/armv5/urel/_fne1_tb_kc_exe.lib	build	armv5_urel
/epoc32/release/armv5/urel/_ne1_tb_bootldr.exe	build	armv5_urel
/epoc32/release/armv5/urel/_ne1_tb_bootldr.exe.map	build	armv5_urel
/epoc32/release/armv5/urel/_ne1_tb_btracex.ldd	build	armv5_urel
/epoc32/release/armv5/urel/_ne1_tb_btracex.ldd.map	build	armv5_urel
/epoc32/release/armv5/urel/_ne1_tb_csi.dll	build	armv5_urel
/epoc32/release/armv5/urel/_ne1_tb_csi.dll.map	build	armv5_urel
/epoc32/release/armv5/urel/_ne1_tb_csi_ctrless.dll	build	armv5_urel
/epoc32/release/armv5/urel/_ne1_tb_csi_ctrless.dll.map	build	armv5_urel
/epoc32/release/armv5/urel/_ne1_tb_dma.dll	build	armv5_urel
/epoc32/release/armv5/urel/_ne1_tb_dma.dll.map	build	armv5_urel
/epoc32/release/armv5/urel/_ne1_tb_dma_v2.dll	build	armv5_urel
/epoc32/release/armv5/urel/_ne1_tb_dma_v2.dll.map	build	armv5_urel
/epoc32/release/armv5/urel/_ne1_tb_e32strt.exe	build	armv5_urel
/epoc32/release/armv5/urel/_ne1_tb_e32strt.exe.map	build	armv5_urel
/epoc32/release/armv5/urel/_ne1_tb_ecust.dll	build	armv5_urel
/epoc32/release/armv5/urel/_ne1_tb_ecust.dll.map	build	armv5_urel
/epoc32/release/armv5/urel/_ne1_tb_ekdata.dll	build	armv5_urel
/epoc32/release/armv5/urel/_ne1_tb_ekdata.dll.map	build	armv5_urel
/epoc32/release/armv5/urel/_ne1_tb_ekern.exe	build	armv5_urel
/epoc32/release/armv5/urel/_ne1_tb_ekern.exe.map	build	armv5_urel
/epoc32/release/armv5/urel/_ne1_tb_ekeyb.dll	build	armv5_urel
/epoc32/release/armv5/urel/_ne1_tb_ekeyb.dll.map	build	armv5_urel
/epoc32/release/armv5/urel/_ne1_tb_ethernet.pdd	build	armv5_urel
/epoc32/release/armv5/urel/_ne1_tb_ethernet.pdd.map	build	armv5_urel
/epoc32/release/armv5/urel/_ne1_tb_euart.pdd	build	armv5_urel
/epoc32/release/armv5/urel/_ne1_tb_euart.pdd.map	build	armv5_urel
/epoc32/release/armv5/urel/_ne1_tb_exmoncommon.dll	build	armv5_urel
/epoc32/release/armv5/urel/_ne1_tb_exmoncommon.dll.map	build	armv5_urel
/epoc32/release/armv5/urel/_ne1_tb_exmondebug.dll	build	armv5_urel
/epoc32/release/armv5/urel/_ne1_tb_exmondebug.dll.map	build	armv5_urel
/epoc32/release/armv5/urel/_ne1_tb_exyin.dll	build	armv5_urel
/epoc32/release/armv5/urel/_ne1_tb_exyin.dll.map	build	armv5_urel
/epoc32/release/armv5/urel/_ne1_tb_gpio.dll	build	armv5_urel
/epoc32/release/armv5/urel/_ne1_tb_gpio.dll.map	build	armv5_urel
/epoc32/release/armv5/urel/_ne1_tb_hal.dll	build	armv5_urel
/epoc32/release/armv5/urel/_ne1_tb_hal.dll.map	build	armv5_urel
/epoc32/release/armv5/urel/_ne1_tb_hcr.dll	build	armv5_urel
/epoc32/release/armv5/urel/_ne1_tb_hcr.dll.map	build	armv5_urel
/epoc32/release/armv5/urel/_ne1_tb_i2s.dll	build	armv5_urel
/epoc32/release/armv5/urel/_ne1_tb_i2s.dll.map	build	armv5_urel
/epoc32/release/armv5/urel/_ne1_tb_int_ekeyb.dll	build	armv5_urel
/epoc32/release/armv5/urel/_ne1_tb_int_ekeyb.dll.map	build	armv5_urel
/epoc32/release/armv5/urel/_ne1_tb_kanaviengine.dll	build	armv5_urel
/epoc32/release/armv5/urel/_ne1_tb_kanaviengine.dll.map	build	armv5_urel
/epoc32/release/armv5/urel/_ne1_tb_kc_exe.lib	build	armv5_urel
/epoc32/release/armv5/urel/_ne1_tb_keypad.dll	build	armv5_urel
/epoc32/release/armv5/urel/_ne1_tb_keypad.dll.map	build	armv5_urel
/epoc32/release/armv5/urel/_ne1_tb_lcdgce.pdd	build	armv5_urel
/epoc32/release/armv5/urel/_ne1_tb_lcdgce.pdd.map	build	armv5_urel
/epoc32/release/armv5/urel/_ne1_tb_medint.pdd	build	armv5_urel
/epoc32/release/armv5/urel/_ne1_tb_medint.pdd.map	build	armv5_urel
/epoc32/release/armv5/urel/_ne1_tb_medlfs.pdd	build	armv5_urel
/epoc32/release/armv5/urel/_ne1_tb_medlfs.pdd.map	build	armv5_urel
/epoc32/release/armv5/urel/_ne1_tb_nk_exe.lib	build	armv5_urel
/epoc32/release/armv5/urel/_ne1_tb_nkern.lib	build	armv5_urel
/epoc32/release/armv5/urel/_ne1_tb_pci.dll	build	armv5_urel
/epoc32/release/armv5/urel/_ne1_tb_pci.dll.map	build	armv5_urel
/epoc32/release/armv5/urel/_ne1_tb_power.dll	build	armv5_urel
/epoc32/release/armv5/urel/_ne1_tb_power.dll.map	build	armv5_urel
/epoc32/release/armv5/urel/_ne1_tb_reboot.ldd	build	armv5_urel
/epoc32/release/armv5/urel/_ne1_tb_reboot.ldd.map	build	armv5_urel
/epoc32/release/armv5/urel/_ne1_tb_resmanpsl.pdd	build	armv5_urel
/epoc32/release/armv5/urel/_ne1_tb_resmanpsl.pdd.map	build	armv5_urel
/epoc32/release/armv5/urel/_ne1_tb_soundsc.pdd	build	armv5_urel
/epoc32/release/armv5/urel/_ne1_tb_soundsc.pdd.map	build	armv5_urel
/epoc32/release/armv5/urel/_ne1_tb_soundsc_v2.pdd	build	armv5_urel
/epoc32/release/armv5/urel/_ne1_tb_soundsc_v2.pdd.map	build	armv5_urel
/epoc32/release/armv5/urel/_ne1_tb_ubootldr.ldd	build	armv5_urel
/epoc32/release/armv5/urel/_ne1_tb_ubootldr.ldd.map	build	armv5_urel
/epoc32/release/armv5/urel/_ne1_tb_ubootldrkeyb.dll	build	armv5_urel
/epoc32/release/armv5/urel/_ne1_tb_ubootldrkeyb.dll.map	build	armv5_urel
/epoc32/release/armv5/urel/_ne1_tb_usbcc.dll	build	armv5_urel
/epoc32/release/armv5/urel/_ne1_tb_usbcc.dll.map	build	armv5_urel
/epoc32/release/armv5/urel/_ne1_tb_vserialkeyb.dll	build	armv5_urel
/epoc32/release/armv5/urel/_ne1_tb_vserialkeyb.dll.map	build	armv5_urel
/epoc32/release/armv5/urel/_ne1_tb_watchdog.dll	build	armv5_urel
/epoc32/release/armv5/urel/_ne1_tb_watchdog.dll.map	build	armv5_urel
/epoc32/release/armv5/urel/_sne1_tb_ekern.exe	build	armv5_urel
/epoc32/release/armv5/urel/_sne1_tb_ekern.exe.map	build	armv5_urel
/epoc32/release/armv5/urel/_sne1_tb_exmoncommon.dll	build	armv5_urel
/epoc32/release/armv5/urel/_sne1_tb_exmoncommon.dll.map	build	armv5_urel
/epoc32/release/armv5/urel/_sne1_tb_kc_exe.lib	build	armv5_urel
/epoc32/release/armv5smp/udeb/_fne1_tb_ekern.exe	build	armv5smp_udeb
/epoc32/release/armv5smp/udeb/_fne1_tb_ekern.exe.map	build	armv5smp_udeb
/epoc32/release/armv5smp/udeb/_fne1_tb_exmoncommon.dll	build	armv5smp_udeb
/epoc32/release/armv5smp/udeb/_fne1_tb_exmoncommon.dll.map	build	armv5smp_udeb
/epoc32/release/armv5smp/udeb/_fne1_tb_kc_exe.lib	build	armv5smp_udeb
/epoc32/release/armv5smp/udeb/_ne1_tb_btracex.ldd	build	armv5smp_udeb
/epoc32/release/armv5smp/udeb/_ne1_tb_btracex.ldd.map	build	armv5smp_udeb
/epoc32/release/armv5smp/udeb/_ne1_tb_csi.dll	build	armv5smp_udeb
/epoc32/release/armv5smp/udeb/_ne1_tb_csi.dll.map	build	armv5smp_udeb
/epoc32/release/armv5smp/udeb/_ne1_tb_csi_ctrless.dll	build	armv5smp_udeb
/epoc32/release/armv5smp/udeb/_ne1_tb_csi_ctrless.dll.map	build	armv5smp_udeb
/epoc32/release/armv5smp/udeb/_ne1_tb_dma.dll	build	armv5smp_udeb
/epoc32/release/armv5smp/udeb/_ne1_tb_dma.dll.map	build	armv5smp_udeb
/epoc32/release/armv5smp/udeb/_ne1_tb_dma_v2.dll	build	armv5smp_udeb
/epoc32/release/armv5smp/udeb/_ne1_tb_dma_v2.dll.map	build	armv5smp_udeb
/epoc32/release/armv5smp/udeb/_ne1_tb_ecust.dll	build	armv5smp_udeb
/epoc32/release/armv5smp/udeb/_ne1_tb_ecust.dll.map	build	armv5smp_udeb
/epoc32/release/armv5smp/udeb/_ne1_tb_ekeyb.dll	build	armv5smp_udeb
/epoc32/release/armv5smp/udeb/_ne1_tb_ekeyb.dll.map	build	armv5smp_udeb
/epoc32/release/armv5smp/udeb/_ne1_tb_ethernet.pdd	build	armv5smp_udeb
/epoc32/release/armv5smp/udeb/_ne1_tb_ethernet.pdd.map	build	armv5smp_udeb
/epoc32/release/armv5smp/udeb/_ne1_tb_euart.pdd	build	armv5smp_udeb
/epoc32/release/armv5smp/udeb/_ne1_tb_euart.pdd.map	build	armv5smp_udeb
/epoc32/release/armv5smp/udeb/_ne1_tb_exmondebug.dll	build	armv5smp_udeb
/epoc32/release/armv5smp/udeb/_ne1_tb_exmondebug.dll.map	build	armv5smp_udeb
/epoc32/release/armv5smp/udeb/_ne1_tb_exyin.dll	build	armv5smp_udeb
/epoc32/release/armv5smp/udeb/_ne1_tb_exyin.dll.map	build	armv5smp_udeb
/epoc32/release/armv5smp/udeb/_ne1_tb_gpio.dll	build	armv5smp_udeb
/epoc32/release/armv5smp/udeb/_ne1_tb_gpio.dll.map	build	armv5smp_udeb
/epoc32/release/armv5smp/udeb/_ne1_tb_hcr.dll	build	armv5smp_udeb
/epoc32/release/armv5smp/udeb/_ne1_tb_hcr.dll.map	build	armv5smp_udeb
/epoc32/release/armv5smp/udeb/_ne1_tb_i2s.dll	build	armv5smp_udeb
/epoc32/release/armv5smp/udeb/_ne1_tb_i2s.dll.map	build	armv5smp_udeb
/epoc32/release/armv5smp/udeb/_ne1_tb_int_ekeyb.dll	build	armv5smp_udeb
/epoc32/release/armv5smp/udeb/_ne1_tb_int_ekeyb.dll.map	build	armv5smp_udeb
/epoc32/release/armv5smp/udeb/_ne1_tb_kanaviengine.dll	build	armv5smp_udeb
/epoc32/release/armv5smp/udeb/_ne1_tb_kanaviengine.dll.map	build	armv5smp_udeb
/epoc32/release/armv5smp/udeb/_ne1_tb_keypad.dll	build	armv5smp_udeb
/epoc32/release/armv5smp/udeb/_ne1_tb_keypad.dll.map	build	armv5smp_udeb
/epoc32/release/armv5smp/udeb/_ne1_tb_lcdgce.pdd	build	armv5smp_udeb
/epoc32/release/armv5smp/udeb/_ne1_tb_lcdgce.pdd.map	build	armv5smp_udeb
/epoc32/release/armv5smp/udeb/_ne1_tb_medint.pdd	build	armv5smp_udeb
/epoc32/release/armv5smp/udeb/_ne1_tb_medint.pdd.map	build	armv5smp_udeb
/epoc32/release/armv5smp/udeb/_ne1_tb_medlfs.pdd	build	armv5smp_udeb
/epoc32/release/armv5smp/udeb/_ne1_tb_medlfs.pdd.map	build	armv5smp_udeb
/epoc32/release/armv5smp/udeb/_ne1_tb_nk_exe.lib	build	armv5smp_udeb
/epoc32/release/armv5smp/udeb/_ne1_tb_nkern.lib	build	armv5smp_udeb
/epoc32/release/armv5smp/udeb/_ne1_tb_pci.dll	build	armv5smp_udeb
/epoc32/release/armv5smp/udeb/_ne1_tb_pci.dll.map	build	armv5smp_udeb
/epoc32/release/armv5smp/udeb/_ne1_tb_power.dll	build	armv5smp_udeb
/epoc32/release/armv5smp/udeb/_ne1_tb_power.dll.map	build	armv5smp_udeb
/epoc32/release/armv5smp/udeb/_ne1_tb_reboot.ldd	build	armv5smp_udeb
/epoc32/release/armv5smp/udeb/_ne1_tb_reboot.ldd.map	build	armv5smp_udeb
/epoc32/release/armv5smp/udeb/_ne1_tb_resmanpsl.pdd	build	armv5smp_udeb
/epoc32/release/armv5smp/udeb/_ne1_tb_resmanpsl.pdd.map	build	armv5smp_udeb
/epoc32/release/armv5smp/udeb/_ne1_tb_soundsc.pdd	build	armv5smp_udeb
/epoc32/release/armv5smp/udeb/_ne1_tb_soundsc.pdd.map	build	armv5smp_udeb
/epoc32/release/armv5smp/udeb/_ne1_tb_soundsc_v2.pdd	build	armv5smp_udeb
/epoc32/release/armv5smp/udeb/_ne1_tb_soundsc_v2.pdd.map	build	armv5smp_udeb
/epoc32/release/armv5smp/udeb/_ne1_tb_ubootldr.ldd	build	armv5smp_udeb
/epoc32/release/armv5smp/udeb/_ne1_tb_ubootldr.ldd.map	build	armv5smp_udeb
/epoc32/release/armv5smp/udeb/_ne1_tb_ubootldrkeyb.dll	build	armv5smp_udeb
/epoc32/release/armv5smp/udeb/_ne1_tb_ubootldrkeyb.dll.map	build	armv5smp_udeb
/epoc32/release/armv5smp/udeb/_ne1_tb_usbcc.dll	build	armv5smp_udeb
/epoc32/release/armv5smp/udeb/_ne1_tb_usbcc.dll.map	build	armv5smp_udeb
/epoc32/release/armv5smp/udeb/_ne1_tb_vserialkeyb.dll	build	armv5smp_udeb
/epoc32/release/armv5smp/udeb/_ne1_tb_vserialkeyb.dll.map	build	armv5smp_udeb
/epoc32/release/armv5smp/udeb/_ne1_tb_watchdog.dll	build	armv5smp_udeb
/epoc32/release/armv5smp/udeb/_ne1_tb_watchdog.dll.map	build	armv5smp_udeb
/epoc32/release/armv5smp/udeb/_sne1_tb_ekern.exe	build	armv5smp_udeb
/epoc32/release/armv5smp/udeb/_sne1_tb_ekern.exe.map	build	armv5smp_udeb
/epoc32/release/armv5smp/udeb/_sne1_tb_exmoncommon.dll	build	armv5smp_udeb
/epoc32/release/armv5smp/udeb/_sne1_tb_exmoncommon.dll.map	build	armv5smp_udeb
/epoc32/release/armv5smp/udeb/_sne1_tb_kc_exe.lib	build	armv5smp_udeb
/epoc32/release/armv5smp/urel/_fne1_tb_ekern.exe	build	armv5smp_urel
/epoc32/release/armv5smp/urel/_fne1_tb_ekern.exe.map	build	armv5smp_urel
/epoc32/release/armv5smp/urel/_fne1_tb_exmoncommon.dll	build	armv5smp_urel
/epoc32/release/armv5smp/urel/_fne1_tb_exmoncommon.dll.map	build	armv5smp_urel
/epoc32/release/armv5smp/urel/_fne1_tb_kc_exe.lib	build	armv5smp_urel
/epoc32/release/armv5smp/urel/_ne1_tb_btracex.ldd	build	armv5smp_urel
/epoc32/release/armv5smp/urel/_ne1_tb_btracex.ldd.map	build	armv5smp_urel
/epoc32/release/armv5smp/urel/_ne1_tb_csi.dll	build	armv5smp_urel
/epoc32/release/armv5smp/urel/_ne1_tb_csi.dll.map	build	armv5smp_urel
/epoc32/release/armv5smp/urel/_ne1_tb_csi_ctrless.dll	build	armv5smp_urel
/epoc32/release/armv5smp/urel/_ne1_tb_csi_ctrless.dll.map	build	armv5smp_urel
/epoc32/release/armv5smp/urel/_ne1_tb_dma.dll	build	armv5smp_urel
/epoc32/release/armv5smp/urel/_ne1_tb_dma.dll.map	build	armv5smp_urel
/epoc32/release/armv5smp/urel/_ne1_tb_dma_v2.dll	build	armv5smp_urel
/epoc32/release/armv5smp/urel/_ne1_tb_dma_v2.dll.map	build	armv5smp_urel
/epoc32/release/armv5smp/urel/_ne1_tb_ecust.dll	build	armv5smp_urel
/epoc32/release/armv5smp/urel/_ne1_tb_ecust.dll.map	build	armv5smp_urel
/epoc32/release/armv5smp/urel/_ne1_tb_ekeyb.dll	build	armv5smp_urel
/epoc32/release/armv5smp/urel/_ne1_tb_ekeyb.dll.map	build	armv5smp_urel
/epoc32/release/armv5smp/urel/_ne1_tb_ethernet.pdd	build	armv5smp_urel
/epoc32/release/armv5smp/urel/_ne1_tb_ethernet.pdd.map	build	armv5smp_urel
/epoc32/release/armv5smp/urel/_ne1_tb_euart.pdd	build	armv5smp_urel
/epoc32/release/armv5smp/urel/_ne1_tb_euart.pdd.map	build	armv5smp_urel
/epoc32/release/armv5smp/urel/_ne1_tb_exmondebug.dll	build	armv5smp_urel
/epoc32/release/armv5smp/urel/_ne1_tb_exmondebug.dll.map	build	armv5smp_urel
/epoc32/release/armv5smp/urel/_ne1_tb_exyin.dll	build	armv5smp_urel
/epoc32/release/armv5smp/urel/_ne1_tb_exyin.dll.map	build	armv5smp_urel
/epoc32/release/armv5smp/urel/_ne1_tb_gpio.dll	build	armv5smp_urel
/epoc32/release/armv5smp/urel/_ne1_tb_gpio.dll.map	build	armv5smp_urel
/epoc32/release/armv5smp/urel/_ne1_tb_hcr.dll	build	armv5smp_urel
/epoc32/release/armv5smp/urel/_ne1_tb_hcr.dll.map	build	armv5smp_urel
/epoc32/release/armv5smp/urel/_ne1_tb_i2s.dll	build	armv5smp_urel
/epoc32/release/armv5smp/urel/_ne1_tb_i2s.dll.map	build	armv5smp_urel
/epoc32/release/armv5smp/urel/_ne1_tb_int_ekeyb.dll	build	armv5smp_urel
/epoc32/release/armv5smp/urel/_ne1_tb_int_ekeyb.dll.map	build	armv5smp_urel
/epoc32/release/armv5smp/urel/_ne1_tb_kanaviengine.dll	build	armv5smp_urel
/epoc32/release/armv5smp/urel/_ne1_tb_kanaviengine.dll.map	build	armv5smp_urel
/epoc32/release/armv5smp/urel/_ne1_tb_keypad.dll	build	armv5smp_urel
/epoc32/release/armv5smp/urel/_ne1_tb_keypad.dll.map	build	armv5smp_urel
/epoc32/release/armv5smp/urel/_ne1_tb_lcdgce.pdd	build	armv5smp_urel
/epoc32/release/armv5smp/urel/_ne1_tb_lcdgce.pdd.map	build	armv5smp_urel
/epoc32/release/armv5smp/urel/_ne1_tb_medint.pdd	build	armv5smp_urel
/epoc32/release/armv5smp/urel/_ne1_tb_medint.pdd.map	build	armv5smp_urel
/epoc32/release/armv5smp/urel/_ne1_tb_medlfs.pdd	build	armv5smp_urel
/epoc32/release/armv5smp/urel/_ne1_tb_medlfs.pdd.map	build	armv5smp_urel
/epoc32/release/armv5smp/urel/_ne1_tb_nk_exe.lib	build	armv5smp_urel
/epoc32/release/armv5smp/urel/_ne1_tb_nkern.lib	build	armv5smp_urel
/epoc32/release/armv5smp/urel/_ne1_tb_pci.dll	build	armv5smp_urel
/epoc32/release/armv5smp/urel/_ne1_tb_pci.dll.map	build	armv5smp_urel
/epoc32/release/armv5smp/urel/_ne1_tb_power.dll	build	armv5smp_urel
/epoc32/release/armv5smp/urel/_ne1_tb_power.dll.map	build	armv5smp_urel
/epoc32/release/armv5smp/urel/_ne1_tb_reboot.ldd	build	armv5smp_urel
/epoc32/release/armv5smp/urel/_ne1_tb_reboot.ldd.map	build	armv5smp_urel
/epoc32/release/armv5smp/urel/_ne1_tb_resmanpsl.pdd	build	armv5smp_urel
/epoc32/release/armv5smp/urel/_ne1_tb_resmanpsl.pdd.map	build	armv5smp_urel
/epoc32/release/armv5smp/urel/_ne1_tb_soundsc.pdd	build	armv5smp_urel
/epoc32/release/armv5smp/urel/_ne1_tb_soundsc.pdd.map	build	armv5smp_urel
/epoc32/release/armv5smp/urel/_ne1_tb_soundsc_v2.pdd	build	armv5smp_urel
/epoc32/release/armv5smp/urel/_ne1_tb_soundsc_v2.pdd.map	build	armv5smp_urel
/epoc32/release/armv5smp/urel/_ne1_tb_ubootldr.ldd	build	armv5smp_urel
/epoc32/release/armv5smp/urel/_ne1_tb_ubootldr.ldd.map	build	armv5smp_urel
/epoc32/release/armv5smp/urel/_ne1_tb_ubootldrkeyb.dll	build	armv5smp_urel
/epoc32/release/armv5smp/urel/_ne1_tb_ubootldrkeyb.dll.map	build	armv5smp_urel
/epoc32/release/armv5smp/urel/_ne1_tb_usbcc.dll	build	armv5smp_urel
/epoc32/release/armv5smp/urel/_ne1_tb_usbcc.dll.map	build	armv5smp_urel
/epoc32/release/armv5smp/urel/_ne1_tb_vserialkeyb.dll	build	armv5smp_urel
/epoc32/release/armv5smp/urel/_ne1_tb_vserialkeyb.dll.map	build	armv5smp_urel
/epoc32/release/armv5smp/urel/_ne1_tb_watchdog.dll	build	armv5smp_urel
/epoc32/release/armv5smp/urel/_ne1_tb_watchdog.dll.map	build	armv5smp_urel
/epoc32/release/armv5smp/urel/_sne1_tb_ekern.exe	build	armv5smp_urel
/epoc32/release/armv5smp/urel/_sne1_tb_ekern.exe.map	build	armv5smp_urel
/epoc32/release/armv5smp/urel/_sne1_tb_exmoncommon.dll	build	armv5smp_urel
/epoc32/release/armv5smp/urel/_sne1_tb_exmoncommon.dll.map	build	armv5smp_urel
/epoc32/release/armv5smp/urel/_sne1_tb_kc_exe.lib	build	armv5smp_urel
/epoc32/rom/fne1_tb_tshell_ARMV5SMP_udeb.img	build	armv5smp_udeb
/epoc32/rom/fne1_tb_tshell_ARMV5SMP_urel.img	build	armv5smp_urel
/epoc32/rom/fne1_tb_tshell_ARMV5_udeb.img	build	armv5_udeb
/epoc32/rom/fne1_tb_tshell_ARMV5_urel.img	build	armv5_urel
/epoc32/rom/include/base_ne1_tb.iby	export	
/epoc32/rom/include/naviengine.oby	export	
/epoc32/rom/include/ne1_tb.oby	export	
/epoc32/rom/include/ne1usbhost.iby	export	
/epoc32/rom/ne1_tb/estart.txt	export	
/epoc32/rom/ne1_tb/estarttechview.txt	export	
/epoc32/rom/ne1_tb/fne1_tb_tshell_ARMV5SMP_udeb_ROMBUILD.LOG	build	armv5smp_udeb
/epoc32/rom/ne1_tb/fne1_tb_tshell_ARMV5SMP_udeb_rom.oby	build	armv5smp_udeb
/epoc32/rom/ne1_tb/fne1_tb_tshell_ARMV5SMP_urel_ROMBUILD.LOG	build	armv5smp_urel
/epoc32/rom/ne1_tb/fne1_tb_tshell_ARMV5SMP_urel_rom.oby	build	armv5smp_urel
/epoc32/rom/ne1_tb/fne1_tb_tshell_ARMV5_udeb_ROMBUILD.LOG	build	armv5_udeb
/epoc32/rom/ne1_tb/fne1_tb_tshell_ARMV5_udeb_rom.oby	build	armv5_udeb
/epoc32/rom/ne1_tb/fne1_tb_tshell_ARMV5_urel_ROMBUILD.LOG	build	armv5_urel
/epoc32/rom/ne1_tb/fne1_tb_tshell_ARMV5_urel_rom.oby	build	armv5_urel
/epoc32/rom/ne1_tb/header.iby	export	
/epoc32/rom/ne1_tb/kernel.iby	export	
/epoc32/rom/ne1_tb/nandtest_load_rel_autoexec.bat	export	
/epoc32/rom/ne1_tb/ne1_tb_tshell_ARMV5_udeb_ROMBUILD.LOG	build	armv5_udeb
/epoc32/rom/ne1_tb/ne1_tb_tshell_ARMV5_udeb_rom.oby	build	armv5_udeb
/epoc32/rom/ne1_tb/ne1_tb_tshell_ARMV5_urel_ROMBUILD.LOG	build	armv5_urel
/epoc32/rom/ne1_tb/ne1_tb_tshell_ARMV5_urel_rom.oby	build	armv5_urel
/epoc32/rom/ne1_tb/quicknand.bat	export	
/epoc32/rom/ne1_tb_tshell_ARMV5_udeb.img	build	armv5_udeb
/epoc32/rom/ne1_tb_tshell_ARMV5_urel.img	build	armv5_urel
